"Gender","#Athlete","% Athlete"
"MALE","3152","0.890647075445041"
"FEMALE","389","0.10991805594800791"
