"Gender","#Athlete","% Athlete"
"MALE","2371","0.8064625850340136"
"FEMALE","571","0.19421768707482992"
